No. Items,time (seconds)
500,0.385216
1000,0.716897
2000,1.35872
3000,2.040749
5000,3.390947
6000,3.949269
